"Data Source","World Development Indicators",

"Last Updated Date","2017-02-01",

"Country Name","Country Code","Indicator Name","Indicator Code","1960","1961","1962","1963","1964","1965","1966","1967","1968","1969","1970","1971","1972","1973","1974","1975","1976","1977","1978","1979","1980","1981","1982","1983","1984","1985","1986","1987","1988","1989","1990","1991","1992","1993","1994","1995","1996","1997","1998","1999","2000","2001","2002","2003","2004","2005","2006","2007","2008","2009","2010","2011","2012","2013","2014","2015","2016",
"Aruba","ABW","Youth literacy rate, population 15-24 years, both sexes (%)","SE.ADT.1524.LT.ZS","","","","","","","","","","","","","","","","","","","","","","","","","","","","","","","","","","","","","","","","","99.0264129638672","","","","","","","","","","99.1384124755859","","","","","99.4122009277344","",
"Andorra","AND","Youth literacy rate, population 15-24 years, both sexes (%)","SE.ADT.1524.LT.ZS","","","","","","","","","","","","","","","","","","","","","","","","","","","","","","","","","","","","","","","","","","","","","","","","","","","","","","","","","",
"Afghanistan","AFG","Youth literacy rate, population 15-24 years, both sexes (%)","SE.ADT.1524.LT.ZS","","","","","","","","","","","","","","","","","","","","30.0663509368896","","","","","","","","","","","","","","","","","","","","","","","","","","","","","","","","46.9900512695313","","","","58.154899597168","",
"Angola","AGO","Youth literacy rate, population 15-24 years, both sexes (%)","SE.ADT.1524.LT.ZS","","","","","","","","","","","","","","","","","","","","","","","","","","","","","","","","","","","","","","","","","","72.1944885253906","","","","","","","","","","","","","72.9531402587891","72.9267883300781","",
"Albania","ALB","Youth literacy rate, population 15-24 years, both sexes (%)","SE.ADT.1524.LT.ZS","","","","","","","","","","","","","","","","","","","","","","","","","","","","","","","","","","","","","","","","","","99.4351501464844","","","","","","","98.8312072753906","","","98.7911911010742","99.2313995361328","","","99.0291976928711","",
"Arab World","ARB","Youth literacy rate, population 15-24 years, both sexes (%)","SE.ADT.1524.LT.ZS","","","","","","","","","","","","","","","","","","","","","","","","","","","","","","","73.0354461669922","","","","","","","","","","81.5449447631836","","","","","","","","","","88.9646987915039","","","","","","",
"United Arab Emirates","ARE","Youth literacy rate, population 15-24 years, both sexes (%)","SE.ADT.1524.LT.ZS","","","","","","","","","","","","","","","","63.0476112365723","","","","","","","","","","82.4726409912109","","","","","","","","","","","","","","","","","","","","95.0064468383789","","","","","","","","","","99.4596710205078","",
"Argentina","ARG","Youth literacy rate, population 15-24 years, both sexes (%)","SE.ADT.1524.LT.ZS","","","","","","","","","","","","","","","","","","","","","96.8825378417969","","","","","","","","","","","98.3046417236328","","","","","","","","","","98.9166564941406","","","","","","","","","","","","","99.2828598022461","99.3043670654297","",
"Armenia","ARM","Youth literacy rate, population 15-24 years, both sexes (%)","SE.ADT.1524.LT.ZS","","","","","","","","","","","","","","","","","","","","","","","","","","","","","","99.9099578857422","","","","","","","","","","","","99.8072814941406","","","","","","","","","","99.8473968505859","","","","99.8453979492188","",
"American Samoa","ASM","Youth literacy rate, population 15-24 years, both sexes (%)","SE.ADT.1524.LT.ZS","","","","","","","","","","","","","","","","","","","","","97.6542129516602","","","","","","","","","","","","","","","","","","","","","","","","","","","","","","","","","","","","",
"Antigua and Barbuda","ATG","Youth literacy rate, population 15-24 years, both sexes (%)","SE.ADT.1524.LT.ZS","","","","","","","","","","","","","","","","","","","","","","","","","","","","","","","","","","","","","","","","","","","","","","","","","","","","","","","","","",
"Australia","AUS","Youth literacy rate, population 15-24 years, both sexes (%)","SE.ADT.1524.LT.ZS","","","","","","","","","","","","","","","","","","","","","","","","","","","","","","","","","","","","","","","","","","","","","","","","","","","","","","","","","",
"Austria","AUT","Youth literacy rate, population 15-24 years, both sexes (%)","SE.ADT.1524.LT.ZS","","","","","","","","","","","","","","","","","","","","","","","","","","","","","","","","","","","","","","","","","","","","","","","","","","","","","","","","","",
"Azerbaijan","AZE","Youth literacy rate, population 15-24 years, both sexes (%)","SE.ADT.1524.LT.ZS","","","","","","","","","","","","","","","","","","","","","","","","","","","","","","","","","","","","","","","","99.886100769043","","","","","","","","100","","99.951301574707","99.9505996704102","99.9440994262695","99.9367523193359","99.9524688720703","99.9569931030273","99.9560012817383","",
"Burundi","BDI","Youth literacy rate, population 15-24 years, both sexes (%)","SE.ADT.1524.LT.ZS","","","","","","","","","","","","","","","","","","","","30.9765892028809","","","","","","","","","","","53.5552101135254","","","","","","","","","","73.3300628662109","","","","","","","","88.8863677978516","","","","","","","87.6179809570313","",
"Belgium","BEL","Youth literacy rate, population 15-24 years, both sexes (%)","SE.ADT.1524.LT.ZS","","","","","","","","","","","","","","","","","","","","","","","","","","","","","","","","","","","","","","","","","","","","","","","","","","","","","","","","","",
"Benin","BEN","Youth literacy rate, population 15-24 years, both sexes (%)","SE.ADT.1524.LT.ZS","","","","","","","","","","","","","","","","","","","","29.7867393493652","","","","","","","","","","","","","39.8766098022461","","","","","","","","","","45.3096199035645","","","","42.3627014160156","","","","","","","","","52.5492401123047","",
"Burkina Faso","BFA","Youth literacy rate, population 15-24 years, both sexes (%)","SE.ADT.1524.LT.ZS","","","","","","","","","","","","","","","","14.3775196075439","","","","","","","","","","","","","","","","20.180290222168","","","","","19.4141502380371","","","","","","","31.2292594909668","","32.9666213989258","32.730598449707","39.2577781677246","","","","","","","50.096248626709","52.5093116760254","",
"Bangladesh","BGD","Youth literacy rate, population 15-24 years, both sexes (%)","SE.ADT.1524.LT.ZS","","","","","","","","","","","","","","","","","","","","","","35.6532516479492","","","","","","","","","","44.6808280944824","","","","","","","","","","63.622730255127","","","","","","","","","","","","","82.1669616699219","83.1978073120117","",
"Bulgaria","BGR","Youth literacy rate, population 15-24 years, both sexes (%)","SE.ADT.1524.LT.ZS","","","","","","","","","","","","","","","","","","","","","","","","","","","","","","","","","","","","","","","","","","98.2124786376953","","","","","","","","","","97.8650512695313","","","","98.0003662109375","",
"Bahrain","BHR","Youth literacy rate, population 15-24 years, both sexes (%)","SE.ADT.1524.LT.ZS","","","","","","","","","","","","","","","","","","","","","","86.2930908203125","","","","","","","","","","96.9381103515625","","","","","","","","","","97.0247116088867","","","","","","","","","98.1635971069336","","","","","99.7718811035156","",
"Bahamas, The","BHS","Youth literacy rate, population 15-24 years, both sexes (%)","SE.ADT.1524.LT.ZS","","","","","","","","","","","","","","","","","","","","","","","","","","","","","","","","","","","","","","","","","","","","","","","","","","","","","","","","","",
"Bosnia and Herzegovina","BIH","Youth literacy rate, population 15-24 years, both sexes (%)","SE.ADT.1524.LT.ZS","","","","","","","","","","","","","","","","","","","","","","","","","","","","","","","","","","","","","","","","","99.7939300537109","","","","","","","","","","","","","","99.6629333496094","99.6522064208984","",
"Belarus","BLR","Youth literacy rate, population 15-24 years, both sexes (%)","SE.ADT.1524.LT.ZS","","","","","","","","","","","","","","","","","","","","","","","","","","","","","","99.7662811279297","","","","","","","","","","99.7918395996094","","","","","","","","","","99.8232116699219","","","","","","99.8401870727539","",
"Belize","BLZ","Youth literacy rate, population 15-24 years, both sexes (%)","SE.ADT.1524.LT.ZS","","","","","","","","","","","","","","","","","","","","","","","","","","","","","","","","79.3117446899414","","","","","","","","","","","","","","","","","","","","","","","","88.6058120727539","",
"Bermuda","BMU","Youth literacy rate, population 15-24 years, both sexes (%)","SE.ADT.1524.LT.ZS","","","","","","","","","","","","","","","","","","","","","","","","","","","","","","","","","","","","","","","","","","","","","","","","","","","","","","","","","",
"Bolivia","BOL","Youth literacy rate, population 15-24 years, both sexes (%)","SE.ADT.1524.LT.ZS","","","","","","","","","","","","","","","","","83.5519790649414","","","","","","","","","","","","","","","","93.896110534668","","","","","","","","","97.3237762451172","","","","","","99.4413604736328","99.1224975585938","99.3839721679688","","99.0075225830078","98.9958801269531","","","99.0404891967773","",
"Brazil","BRA","Youth literacy rate, population 15-24 years, both sexes (%)","SE.ADT.1524.LT.ZS","","","","","","","","","","","","","","","","","","","","","83.9142684936523","","","","","","","","","","","","","","","","","","","","94.1841125488281","","","","96.8438568115234","","97.5822982788086","97.8006286621094","97.8436279296875","98.0655364990234","97.5141220092773","98.4869232177734","98.6196594238281","98.7366790771484","","98.9323883056641","",
"Barbados","BRB","Youth literacy rate, population 15-24 years, both sexes (%)","SE.ADT.1524.LT.ZS","","","","","","","","","","","99.7551879882813","","","","","","","","","","","","","","","","","","","","","","","","","","","","","","","","","","","","","","","","","","","","","","",
"Brunei Darussalam","BRN","Youth literacy rate, population 15-24 years, both sexes (%)","SE.ADT.1524.LT.ZS","","","","","","","","","","","","","","","","","","","","","","93.6810073852539","","","","","","","","","","98.0956726074219","","","","","","","","","","98.8937911987305","","","","","","","","","","99.3667678833008","","","","99.6049270629883","",
"Bhutan","BTN","Youth literacy rate, population 15-24 years, both sexes (%)","SE.ADT.1524.LT.ZS","","","","","","","","","","","","","","","","","","","","","","","","","","","","","","","","","","","","","","","","","","","","","","74.4052124023438","","","","","","","87.318359375","","","92.0408401489258","",
"Botswana","BWA","Youth literacy rate, population 15-24 years, both sexes (%)","SE.ADT.1524.LT.ZS","","","","","","","","","","","","","","","","","","","","","","","","","","","","","","","","89.25830078125","","","","","","","","","","","","93.9574432373047","","","","","","","","","","","97.6808319091797","97.8123168945313","",
"Central African Republic","CAF","Youth literacy rate, population 15-24 years, both sexes (%)","SE.ADT.1524.LT.ZS","","","","","","","","","","","","","","","","","","","","","","","","","","","","","48.2023315429688","","","","","","","","","","","","60.8070487976074","","","","","","","","","","36.3562698364258","","","","","36.3562698364258","",
"Canada","CAN","Youth literacy rate, population 15-24 years, both sexes (%)","SE.ADT.1524.LT.ZS","","","","","","","","","","","","","","","","","","","","","","","","","","","","","","","","","","","","","","","","","","","","","","","","","","","","","","","","","",
"Central Europe and the Baltics","CEB","Youth literacy rate, population 15-24 years, both sexes (%)","SE.ADT.1524.LT.ZS","","","","","","","","","","","","","","","","","","","","","","","","","","","","","","","99.5677719116211","","","","","","","","","","99.2659225463867","","","","","","","","","","99.49072265625","","","","","","",
"Switzerland","CHE","Youth literacy rate, population 15-24 years, both sexes (%)","SE.ADT.1524.LT.ZS","","","","","","","","","","","","","","","","","","","","","","","","","","","","","","","","","","","","","","","","","","","","","","","","","","","","","","","","","",
"Channel Islands","CHI","Youth literacy rate, population 15-24 years, both sexes (%)","SE.ADT.1524.LT.ZS","","","","","","","","","","","","","","","","","","","","","","","","","","","","","","","","","","","","","","","","","","","","","","","","","","","","","","","","","",
"Chile","CHL","Youth literacy rate, population 15-24 years, both sexes (%)","SE.ADT.1524.LT.ZS","","","","","","","","","","","","","","","","","","","","","","","96.6539764404297","","","","","","","","","","98.4279708862305","","","","","","","","","","98.9909820556641","","","","","","99.1535797119141","98.8723831176758","","99.4081878662109","","99.018669128418","","99.1464385986328","",
"China","CHN","Youth literacy rate, population 15-24 years, both sexes (%)","SE.ADT.1524.LT.ZS","","","","","","","","","","","","","","","","","","","","","","","88.7733383178711","","","","","","","","94.2814712524414","","","","","","","","","","98.8587265014648","","","","","","","","","","99.6422882080078","","","","","99.7288589477539","",
"Cote d'Ivoire","CIV","Youth literacy rate, population 15-24 years, both sexes (%)","SE.ADT.1524.LT.ZS","","","","","","","","","","","","","","","","","","","","","","","","","","","","","48.5084800720215","","","","","","","","","","47.058708190918","","60.7236518859863","","","","","","","","","","","","48.3099594116211","","","50.2375793457031","",
"Cameroon","CMR","Youth literacy rate, population 15-24 years, both sexes (%)","SE.ADT.1524.LT.ZS","","","","","","","","","","","","","","","","","68.8170318603516","","","","","","","","","","","","","","","","","","","","","","","","83.0982894897461","","","","","","","83.1355667114258","","","80.5744400024414","","","","","83.7973709106445","",
"Congo, Rep.","COG","Youth literacy rate, population 15-24 years, both sexes (%)","SE.ADT.1524.LT.ZS","","","","","","","","","","","","","","","","","","","","","","","","","","","","","","","","","","","","","","","","","","","","","","","","","","","","80.913948059082","","","","80.913948059082","",
"Colombia","COL","Youth literacy rate, population 15-24 years, both sexes (%)","SE.ADT.1524.LT.ZS","","","","","","","","","","","","","","","","","","","","","","","","","","","","","","","","","","95.4846496582031","","","96.995002746582","","","","","","","","97.9913101196289","97.9583969116211","97.883171081543","97.9686279296875","97.9892730712891","97.9374313354492","98.0984191894531","98.239372253418","","","98.529052734375","98.6556396484375","",
"Comoros","COM","Youth literacy rate, population 15-24 years, both sexes (%)","SE.ADT.1524.LT.ZS","","","","","","","","","","","","","","","","","","","","","61.713020324707","","","","","","","","","","","","","","","","","","","","80.1857604980469","","","","","","","","","","","","","","87.1228408813477","87.4791717529297","",
"Cabo Verde","CPV","Youth literacy rate, population 15-24 years, both sexes (%)","SE.ADT.1524.LT.ZS","","","","","","","","","","","","","","","","","","","","","","","","","","","","","","","88.1679000854492","","","","","","","","","","","","","","97.1149597167969","","","","","","","","98.1289672851563","","","98.3426971435547","",
"Costa Rica","CRI","Youth literacy rate, population 15-24 years, both sexes (%)","SE.ADT.1524.LT.ZS","","","","","","","","","","","","","","","","","","","","","","","","","97.148193359375","","","","","","","","","","","","","","","","97.6147003173828","","","","","","","","","","","99.1336975097656","","","","99.3229217529297","",
"Caribbean small states","CSS","Youth literacy rate, population 15-24 years, both sexes (%)","SE.ADT.1524.LT.ZS","","","","","","","","","","","","","","","","","","","","","","","","","","","","","","","","","","","","","","","","","94.2461242675781","","","","","","","","","","96.048225402832","","","","","","",
"Cuba","CUB","Youth literacy rate, population 15-24 years, both sexes (%)","SE.ADT.1524.LT.ZS","","","","","","","","","","","","","","","","","","","","","","99.5685729980469","","","","","","","","","","","","","","","","","","","","","99.9555969238281","","","","","","","","","","99.8746490478516","","","99.8902969360352","",
"Curacao","CUW","Youth literacy rate, population 15-24 years, both sexes (%)","SE.ADT.1524.LT.ZS","","","","","","","","","","","","","","","","","","","","","","","","","","","","","","","","","","","","","","","","","","","","","","","","","","","","","","","","","",
"Cayman Islands","CYM","Youth literacy rate, population 15-24 years, both sexes (%)","SE.ADT.1524.LT.ZS","","","","","","","","","","","","","","","","","","","","","","","","","","","","","","","","","","","","","","","","","","","","","","","","98.9068222045898","","","","","","","","","",
"Cyprus","CYP","Youth literacy rate, population 15-24 years, both sexes (%)","SE.ADT.1524.LT.ZS","","","","","","","","","","","","","","","","","","","","","","","","","","","","","","","","","99.6213912963867","","","","","","","","","99.7749328613281","","","","","","","","","","99.8209915161133","","","","99.85888671875","",
"Czech Republic","CZE","Youth literacy rate, population 15-24 years, both sexes (%)","SE.ADT.1524.LT.ZS","","","","","","","","","","","","","","","","","","","","","","","","","","","","","","","","","","","","","","","","","","","","","","","","","","","","","","","","","",
"Germany","DEU","Youth literacy rate, population 15-24 years, both sexes (%)","SE.ADT.1524.LT.ZS","","","","","","","","","","","","","","","","","","","","","","","","","","","","","","","","","","","","","","","","","","","","","","","","","","","","","","","","","",
"Djibouti","DJI","Youth literacy rate, population 15-24 years, both sexes (%)","SE.ADT.1524.LT.ZS","","","","","","","","","","","","","","","","","","","","","","","","","","","","","","","","","","","","","","","","","","","","","","","","","","","","","","","","","",
"Dominica","DMA","Youth literacy rate, population 15-24 years, both sexes (%)","SE.ADT.1524.LT.ZS","","","","","","","","","","","","","","","","","","","","","","","","","","","","","","","","","","","","","","","","","","","","","","","","","","","","","","","","","",
"Denmark","DNK","Youth literacy rate, population 15-24 years, both sexes (%)","SE.ADT.1524.LT.ZS","","","","","","","","","","","","","","","","","","","","","","","","","","","","","","","","","","","","","","","","","","","","","","","","","","","","","","","","","",
"Dominican Republic","DOM","Youth literacy rate, population 15-24 years, both sexes (%)","SE.ADT.1524.LT.ZS","","","","","","","","","","","","","","","","","","","","","","82.6241989135742","","","","","","","","","","","","","","","","","","","","","94.2175674438477","","","","","95.7868576049805","","","96.8057479858398","97.0419082641602","97.0238876342773","97.4724273681641","97.6885833740234","97.8985595703125","",
"Algeria","DZA","Youth literacy rate, population 15-24 years, both sexes (%)","SE.ADT.1524.LT.ZS","","","","","","","","","","","","","","","","","","","","","","","","","","","","74.3272705078125","","","","","","","","","","","","","","","90.13720703125","","","","91.7796401977539","","93.7673263549805","","","","","","","96.7526016235352","",
"East Asia & Pacific (excluding high income)","EAP","Youth literacy rate, population 15-24 years, both sexes (%)","SE.ADT.1524.LT.ZS","","","","","","","","","","","","","","","","","","","","","","","","","","","","","","","93.5657653808594","","","","","","","","","","97.8866577148438","","","","","","","","","","98.969108581543","","","","","","",
"Early-demographic dividend","EAR","Youth literacy rate, population 15-24 years, both sexes (%)","SE.ADT.1524.LT.ZS","","","","","","","","","","","","","","","","","","","","","","","","","","","","","","","71.9787139892578","","","","","","","","","","81.3287734985352","","","","","","","","","","88.4755249023438","","","","","","",
"East Asia & Pacific","EAS","Youth literacy rate, population 15-24 years, both sexes (%)","SE.ADT.1524.LT.ZS","","","","","","","","","","","","","","","","","","","","","","","","","","","","","","","94.0578384399414","","","","","","","","","","98.0113906860352","","","","","","","","","","99.0044021606445","","","","","","",
"Europe & Central Asia (excluding high income)","ECA","Youth literacy rate, population 15-24 years, both sexes (%)","SE.ADT.1524.LT.ZS","","","","","","","","","","","","","","","","","","","","","","","","","","","","","","","98.4176406860352","","","","","","","","","","98.8309631347656","","","","","","","","","","99.6261138916016","","","","","","",
"Europe & Central Asia","ECS","Youth literacy rate, population 15-24 years, both sexes (%)","SE.ADT.1524.LT.ZS","","","","","","","","","","","","","","","","","","","","","","","","","","","","","","","99.1203384399414","","","","","","","","","","99.2735900878906","","","","","","","","","","99.7114486694336","","","","","","",
"Ecuador","ECU","Youth literacy rate, population 15-24 years, both sexes (%)","SE.ADT.1524.LT.ZS","","","","","","","","","","","","","","","","","","","","","","","93.4014587402344","","","","","","","","96.194709777832","","","","","","","","","","","96.4372100830078","","","","","","95.4279708862305","","96.8311004638672","98.6527099609375","98.6948394775391","98.8316268920898","98.6046371459961","","98.8251571655273","",
"Egypt, Arab Rep.","EGY","Youth literacy rate, population 15-24 years, both sexes (%)","SE.ADT.1524.LT.ZS","","","","","","","","","","","","","","","","","51.0311584472656","","","","","","","","","","63.3276214599609","","","","","","","","","","73.2186889648438","","","","","","","","","84.9328994750977","84.8782730102539","","","","87.5096435546875","","89.2819213867188","92.0234222412109","","93.2928695678711","",
"Euro area","EMU","Youth literacy rate, population 15-24 years, both sexes (%)","SE.ADT.1524.LT.ZS","","","","","","","","","","","","","","","","","","","","","","","","","","","","","","","","","","","","","","","","","","","","","","","","","","","","","","","","","",
"Eritrea","ERI","Youth literacy rate, population 15-24 years, both sexes (%)","SE.ADT.1524.LT.ZS","","","","","","","","","","","","","","","","","","","","","","","","","","","","","","","","","","","","","","","","","","","77.9452896118164","","","","","","","","","","","","92.5505599975586","93.2716369628906","",
"Spain","ESP","Youth literacy rate, population 15-24 years, both sexes (%)","SE.ADT.1524.LT.ZS","","","","","","","","","","","","","","","","","","","","","","98.6419525146484","","","","","","","","","","99.554557800293","","","","","","","","","","","","","99.5581970214844","99.5377883911133","","99.5693435668945","99.5643081665039","99.5989990234375","99.5946273803711","99.6994018554688","99.6727828979492","99.6692581176758","99.7202911376953","99.7564010620117","",
"Estonia","EST","Youth literacy rate, population 15-24 years, both sexes (%)","SE.ADT.1524.LT.ZS","","","","","","","","","","","","","","","","","","","","","","","","","","","","","","99.8678894042969","","","","","","","","","","","99.7705001831055","","","","","","","","","","","99.9488983154297","","","","99.9655303955078","",
"Ethiopia","ETH","Youth literacy rate, population 15-24 years, both sexes (%)","SE.ADT.1524.LT.ZS","","","","","","","","","","","","","","","","","","","","","","","","","","","","","","","","","","","33.5853996276855","","","","","","","","","","49.9000015258789","44.6059684753418","","54.9829788208008","","","","","","","","69.4917602539063","",
"European Union","EUU","Youth literacy rate, population 15-24 years, both sexes (%)","SE.ADT.1524.LT.ZS","","","","","","","","","","","","","","","","","","","","","","","","","","","","","","","","","","","","","","","","","","","","","","","","","","","","","","","","","",
"Fragile and conflict affected situations","FCS","Youth literacy rate, population 15-24 years, both sexes (%)","SE.ADT.1524.LT.ZS","","","","","","","","","","","","","","","","","","","","","","","","","","","","","","","","","","","","","","","","","73.0115661621094","","","","","","","","","","76.1655731201172","","","","","","",
"Finland","FIN","Youth literacy rate, population 15-24 years, both sexes (%)","SE.ADT.1524.LT.ZS","","","","","","","","","","","","","","","","","","","","","","","","","","","","","","","","","","","","","","","","","","","","","","","","","","","","","","","","","",
"Fiji","FJI","Youth literacy rate, population 15-24 years, both sexes (%)","SE.ADT.1524.LT.ZS","","","","","","","","","","","","","","","","","","","","","","","","","","","","","","","","","","","","","","","","","","","","","","","","","","","","","","","","","",
"France","FRA","Youth literacy rate, population 15-24 years, both sexes (%)","SE.ADT.1524.LT.ZS","","","","","","","","","","","","","","","","","","","","","","","","","","","","","","","","","","","","","","","","","","","","","","","","","","","","","","","","","",
"Faroe Islands","FRO","Youth literacy rate, population 15-24 years, both sexes (%)","SE.ADT.1524.LT.ZS","","","","","","","","","","","","","","","","","","","","","","","","","","","","","","","","","","","","","","","","","","","","","","","","","","","","","","","","","",
"Micronesia, Fed. Sts.","FSM","Youth literacy rate, population 15-24 years, both sexes (%)","SE.ADT.1524.LT.ZS","","","","","","","","","","","","","","","","","","","","","","","","","","","","","","","","","","","","","","","","","","","","","","","","","","","","","","","","","",
"Gabon","GAB","Youth literacy rate, population 15-24 years, both sexes (%)","SE.ADT.1524.LT.ZS","","","","","","","","","","","","","","","","","","","","","","","","","","","","","","","","","","93.2087173461914","","","","","","","","","","","96.7076797485352","","","","","","","","88.5041427612305","","","89.1227111816406","",
"United Kingdom","GBR","Youth literacy rate, population 15-24 years, both sexes (%)","SE.ADT.1524.LT.ZS","","","","","","","","","","","","","","","","","","","","","","","","","","","","","","","","","","","","","","","","","","","","","","","","","","","","","","","","","",
"Georgia","GEO","Youth literacy rate, population 15-24 years, both sexes (%)","SE.ADT.1524.LT.ZS","","","","","","","","","","","","","","","","","","","","","","","","","","","","","","","","","","","","","","","","","","","99.8254165649414","","","","","","","","","","","","99.793830871582","99.7907791137695","",
"Ghana","GHA","Youth literacy rate, population 15-24 years, both sexes (%)","SE.ADT.1524.LT.ZS","","","","","","","","","","","","","","","","","","","","","","","","","","","","","","","","","","","","","","","","","70.6630630493164","","","","","","","","","","85.7161483764648","","","","","90.601432800293","",
"Gibraltar","GIB","Youth literacy rate, population 15-24 years, both sexes (%)","SE.ADT.1524.LT.ZS","","","","","","","","","","","","","","","","","","","","","","","","","","","","","","","","","","","","","","","","","","","","","","","","","","","","","","","","","",
"Guinea","GIN","Youth literacy rate, population 15-24 years, both sexes (%)","SE.ADT.1524.LT.ZS","","","","","","","","","","","","","","","","","","","","","","","","","","","","","","","","","","","","","27.7163906097412","","","","","","","47.0912590026855","","","","","","","31.4064197540283","","","","","45.2463989257813","",
"Gambia, The","GMB","Youth literacy rate, population 15-24 years, both sexes (%)","SE.ADT.1524.LT.ZS","","","","","","","","","","","","","","","","","","","","","","","","","","","","","","","","","","","","","","","","","52.5550193786621","","","","","","","","","","","","","","71.9815673828125","73.1925888061523","",
"Guinea-Bissau","GNB","Youth literacy rate, population 15-24 years, both sexes (%)","SE.ADT.1524.LT.ZS","","","","","","","","","","","","","","","","","","","","36.4014205932617","","","","","","","","","","","","","","","","","","","","","59.4928512573242","","","","","","","","","","","","","","76.1604766845703","77.1389770507813","",
"Equatorial Guinea","GNQ","Youth literacy rate, population 15-24 years, both sexes (%)","SE.ADT.1524.LT.ZS","","","","","","","","","","","","","","","","","","","","","","","","","","","","","","","","","","","","","","","","","97.1313705444336","","","","","","","","","","","","","","98.2159881591797","98.2617568969727","",
"Greece","GRC","Youth literacy rate, population 15-24 years, both sexes (%)","SE.ADT.1524.LT.ZS","","","","","","","","","","","","","","","","","","","","","","98.9670486450195","","","","","","","","","","98.9839935302734","","","","","","","","","","98.9405288696289","","","","99.529182434082","","","","","","","","","99.4233322143555","99.6723709106445","",
"Grenada","GRD","Youth literacy rate, population 15-24 years, both sexes (%)","SE.ADT.1524.LT.ZS","","","","","","","","","","","98.9623565673828","","","","","","","","","","","","","","","","","","","","","","","","","","","","","","","","","","","","","","","","","","","","","","",
"Greenland","GRL","Youth literacy rate, population 15-24 years, both sexes (%)","SE.ADT.1524.LT.ZS","","","","","","","","","","","","","","","","","","","","","","","","","","","","","","","","","","","","","","","","","","","","","","","","","","","","","","","","","",
"Guatemala","GTM","Youth literacy rate, population 15-24 years, both sexes (%)","SE.ADT.1524.LT.ZS","","","","","","","","","","","","","","","","","","","","","","","","","","","","","","","","","","","75.9882125854492","","","","","","","","82.2202606201172","","","","","","","","","","93.6534729003906","91.851921081543","94.354248046875","93.2627410888672","",
"Guam","GUM","Youth literacy rate, population 15-24 years, both sexes (%)","SE.ADT.1524.LT.ZS","","","","","","","","","","","","","","","","","","","","","95.6110610961914","","","","","","","","","","99.879997253418","","","","","","","","","","","","","","","","","","","","","","","","","99.9833297729492","",
"Guyana","GUY","Youth literacy rate, population 15-24 years, both sexes (%)","SE.ADT.1524.LT.ZS","","","","","","","","","","","","","","","","","","","","","","","","","","","","","","","","","","","","","","","","","","","","","","","","","","93.0989379882813","","","","","","94.3712997436523","",
"High income","HIC","Youth literacy rate, population 15-24 years, both sexes (%)","SE.ADT.1524.LT.ZS","","","","","","","","","","","","","","","","","","","","","","","","","","","","","","","","","","","","","","","","","","","","","","","","","","","","","","","","","",
"Hong Kong SAR, China","HKG","Youth literacy rate, population 15-24 years, both sexes (%)","SE.ADT.1524.LT.ZS","","","","","","","","","","","","","","","","","","","","","","","","","","","","","","","","","","","","","","","","","","","","","","","","","","","","","","","","","",
"Honduras","HND","Youth literacy rate, population 15-24 years, both sexes (%)","SE.ADT.1524.LT.ZS","","","","","","","","","","","","","","","","","","","","","","","","","","","","","","","","","","","","","","","","","","88.9427185058594","","","","","","93.9243087768555","","","95.1506881713867","95.9250030517578","94.9809494018555","95.0664901733398","95.6770706176758","97.1838684082031","",
"Heavily indebted poor countries (HIPC)","HPC","Youth literacy rate, population 15-24 years, both sexes (%)","SE.ADT.1524.LT.ZS","","","","","","","","","","","","","","","","","","","","","","","","","","","","","","","57.0254936218262","","","","","","","","","","62.8767776489258","","","","","","","","","","68.9768905639648","","","","","","",
"Croatia","HRV","Youth literacy rate, population 15-24 years, both sexes (%)","SE.ADT.1524.LT.ZS","","","","","","","","","","","","","","","","","","","","","","","","","","","","","","","","99.6358871459961","","","","","","","","","","99.6486434936523","","","","","","","","","","99.7236328125","","","","99.7423400878906","",
"Haiti","HTI","Youth literacy rate, population 15-24 years, both sexes (%)","SE.ADT.1524.LT.ZS","","","","","","","","","","","","","","","","","","","","","","","51.153018951416","","","","","","","","","","","","","","","","","","","","","81.6163330078125","","","72.3467178344727","","","","","","","","","82.0557022094727","",
"Hungary","HUN","Youth literacy rate, population 15-24 years, both sexes (%)","SE.ADT.1524.LT.ZS","","","","","","","","","","","","","","","","","","","","","99.3711471557617","","","","","","","","","","","","","","99.1455764770508","","","","","","","","","","99.0016174316406","","","","","","","","","","98.8522796630859","99.3612213134766","",
"IBRD only","IBD","Youth literacy rate, population 15-24 years, both sexes (%)","SE.ADT.1524.LT.ZS","","","","","","","","","","","","","","","","","","","","","","","","","","","","","","","85.255012512207","","","","","","","","","","90.7630767822266","","","","","","","","","","94.6408538818359","","","","","","",
"IDA & IBRD total","IBT","Youth literacy rate, population 15-24 years, both sexes (%)","SE.ADT.1524.LT.ZS","","","","","","","","","","","","","","","","","","","","","","","","","","","","","","","80.7328796386719","","","","","","","","","","85.4821243286133","","","","","","","","","","89.4561157226563","","","","","","",
"IDA total","IDA","Youth literacy rate, population 15-24 years, both sexes (%)","SE.ADT.1524.LT.ZS","","","","","","","","","","","","","","","","","","","","","","","","","","","","","","","64.4335632324219","","","","","","","","","","69.9667434692383","","","","","","","","","","75.743782043457","","","","","","",
"IDA blend","IDB","Youth literacy rate, population 15-24 years, both sexes (%)","SE.ADT.1524.LT.ZS","","","","","","","","","","","","","","","","","","","","","","","","","","","","","","","73.7996139526367","","","","","","","","","","","","","","","","","","","","78.5955581665039","","","","","","",
"Indonesia","IDN","Youth literacy rate, population 15-24 years, both sexes (%)","SE.ADT.1524.LT.ZS","","","","","","","","","","","","","","","","","","","","","85.4370880126953","","","","","","","","","","96.2075576782227","","","","","","","","","","","","","","98.7054595947266","","96.6510391235352","","99.4601135253906","99.4737396240234","","98.7779998779297","","","99.6802215576172","99.7139511108398","",
"IDA only","IDX","Youth literacy rate, population 15-24 years, both sexes (%)","SE.ADT.1524.LT.ZS","","","","","","","","","","","","","","","","","","","","","","","","","","","","","","","58.8090591430664","","","","","","","","","","66.9785919189453","","","","","","","","","","74.1505737304688","","","","","","",
"Isle of Man","IMN","Youth literacy rate, population 15-24 years, both sexes (%)","SE.ADT.1524.LT.ZS","","","","","","","","","","","","","","","","","","","","","","","","","","","","","","","","","","","","","","","","","","","","","","","","","","","","","","","","","",
"India","IND","Youth literacy rate, population 15-24 years, both sexes (%)","SE.ADT.1524.LT.ZS","","","","","","","","","","","","","","","","","","","","","","53.7845687866211","","","","","","","","","","61.9002799987793","","","","","","","","","","76.4256973266602","","","","","81.130859375","","","","","86.1448822021484","","","","89.6640625","",
"Not classified","INX","Youth literacy rate, population 15-24 years, both sexes (%)","SE.ADT.1524.LT.ZS","","","","","","","","","","","","","","","","","","","","","","","","","","","","","","","","","","","","","","","","","","","","","","","","","","","","","","","","","",
"Ireland","IRL","Youth literacy rate, population 15-24 years, both sexes (%)","SE.ADT.1524.LT.ZS","","","","","","","","","","","","","","","","","","","","","","","","","","","","","","","","","","","","","","","","","","","","","","","","","","","","","","","","","",
"Iran, Islamic Rep.","IRN","Youth literacy rate, population 15-24 years, both sexes (%)","SE.ADT.1524.LT.ZS","","","","","","","","","","","","","","","","","56.4538612365723","","","","","","","","","","75.2049026489258","","","","","86.9742584228516","","","","","93.0282974243164","","","","","","96.6260986328125","","","97.4315338134766","96.6437072753906","","97.8714294433594","","","","98.0143966674805","97.7772979736328","","98.0272216796875","",
"Iraq","IRQ","Youth literacy rate, population 15-24 years, both sexes (%)","SE.ADT.1524.LT.ZS","","","","","","","","","","","","","","","","","","","","","","","","","","","","","","","","","","","","","","","","","84.7967987060547","","","","","","","","","","","","","","81.7455215454102","81.5401611328125","",
"Iceland","ISL","Youth literacy rate, population 15-24 years, both sexes (%)","SE.ADT.1524.LT.ZS","","","","","","","","","","","","","","","","","","","","","","","","","","","","","","","","","","","","","","","","","","","","","","","","","","","","","","","","","",
"Israel","ISR","Youth literacy rate, population 15-24 years, both sexes (%)","SE.ADT.1524.LT.ZS","","","","","","","","","","","","","","","","","","","","","","","","98.562858581543","","","","","","","","","","","","","","","","","","","","","","","","","","","","","","","","","",
"Italy","ITA","Youth literacy rate, population 15-24 years, both sexes (%)","SE.ADT.1524.LT.ZS","","","","","","","","","","","","","","","","","","","","","","99.6433792114258","","","","","","","","","","","","","","","","","","","","99.8121337890625","","","","","","","","","","99.8596420288086","","","","99.9097213745117","",
"Jamaica","JAM","Youth literacy rate, population 15-24 years, both sexes (%)","SE.ADT.1524.LT.ZS","","","","","","","","","","","","","","","","","","","","","","","","","","","","","","","","","","","","","","","","91.6034088134766","","","","","","","","","","","","","","","96.2624588012695","96.4609375","",
"Jordan","JOR","Youth literacy rate, population 15-24 years, both sexes (%)","SE.ADT.1524.LT.ZS","","","","","","","","","","","","","","","","","","","","90.5084915161133","","","","","","","","","","","","","","","","","","","","","","","","99.1325912475586","","98.9753875732422","","98.9493408203125","","","98.7623519897461","99.148681640625","99.1057205200195","","","99.2348403930664","",
"Japan","JPN","Youth literacy rate, population 15-24 years, both sexes (%)","SE.ADT.1524.LT.ZS","","","","","","","","","","","","","","","","","","","","","","","","","","","","","","","","","","","","","","","","","","","","","","","","","","","","","","","","","",
"Kazakhstan","KAZ","Youth literacy rate, population 15-24 years, both sexes (%)","SE.ADT.1524.LT.ZS","","","","","","","","","","","","","","","","","","","","","","","","","","","","","","99.7257232666016","","","","","","","","","","99.8451309204102","","","","","","","","","","99.8345108032227","","","","","","99.8412475585938","",
"Kenya","KEN","Youth literacy rate, population 15-24 years, both sexes (%)","SE.ADT.1524.LT.ZS","","","","","","","","","","","","","","","","","","","","","","","","","","","","","","","","","","","","","","","","","92.5281829833984","","","","","","","82.3904724121094","","","","","","","","85.8953018188477","",
"Kyrgyz Republic","KGZ","Youth literacy rate, population 15-24 years, both sexes (%)","SE.ADT.1524.LT.ZS","","","","","","","","","","","","","","","","","","","","","","","","","","","","","","","","","","","","","","","","99.6956329345703","","","","","","","","","","99.7518463134766","","","","","","99.7473297119141","",
"Cambodia","KHM","Youth literacy rate, population 15-24 years, both sexes (%)","SE.ADT.1524.LT.ZS","","","","","","","","","","","","","","","","","","","","","","","","","","","","","","","","","","","","","","","76.3182067871094","","","","","","83.3828582763672","","","","87.4713821411133","87.1324615478516","","","","","","91.5350189208984","",
"Kiribati","KIR","Youth literacy rate, population 15-24 years, both sexes (%)","SE.ADT.1524.LT.ZS","","","","","","","","","","","","","","","","","","","","","","","","","","","","","","","","","","","","","","","","","","","","","","","","","","","","","","","","","",
"St. Kitts and Nevis","KNA","Youth literacy rate, population 15-24 years, both sexes (%)","SE.ADT.1524.LT.ZS","","","","","","","","","","","","","","","","","","","","","","","","","","","","","","","","","","","","","","","","","","","","","","","","","","","","","","","","","",
"Korea, Rep.","KOR","Youth literacy rate, population 15-24 years, both sexes (%)","SE.ADT.1524.LT.ZS","","","","","","","","","","","","","","","","","","","","","","","","","","","","","","","","","","","","","","","","","","","","","","","","","","","","","","","","","",
"Kosovo","KSV","Youth literacy rate, population 15-24 years, both sexes (%)","SE.ADT.1524.LT.ZS","","","","","","","","","","","","","","","","","","","","","","","","","","","","","","","","","","","","","","","","","","","","","","","","","","","","","","","","","",
"Kuwait","KWT","Youth literacy rate, population 15-24 years, both sexes (%)","SE.ADT.1524.LT.ZS","","","","","","","","","","","","","","","","72.2221603393555","","","","","78.9754409790039","","","","","87.4560623168945","","","","","","","","","","92.0430603027344","","","","","","","","","","99.7333602905273","98.5121688842773","98.4472274780273","98.6433486938477","","","","98.7822570800781","99.1535491943359","","99.4921035766602","",
"Latin America & Caribbean (excluding high income)","LAC","Youth literacy rate, population 15-24 years, both sexes (%)","SE.ADT.1524.LT.ZS","","","","","","","","","","","","","","","","","","","","","","","","","","","","","","","93.7422561645508","","","","","","","","","","96.2615966796875","","","","","","","","","","97.8761596679688","","","","","","",
"Lao PDR","LAO","Youth literacy rate, population 15-24 years, both sexes (%)","SE.ADT.1524.LT.ZS","","","","","","","","","","","","","","","","","","","","","","","","","","","","","","","","","","","","71.1336288452148","","","","","80.5985565185547","78.4579925537109","","","","83.9310607910156","","","","","","","","","","90.2317199707031","",
"Lebanon","LBN","Youth literacy rate, population 15-24 years, both sexes (%)","SE.ADT.1524.LT.ZS","","","","","","","","","","","","","","","","","","","","","","","","","","","","","","","","","","","","","","","","","","","","","","","","98.7147903442383","","","","","","","","99.0963516235352","",
"Liberia","LBR","Youth literacy rate, population 15-24 years, both sexes (%)","SE.ADT.1524.LT.ZS","","","","","","","","","","","","","","","","","","","","","","","","","47.6337890625","","","","","","","","","","59.9844398498535","","","","","","","","","","49.1521186828613","","","49.0741081237793","","","","","","","","54.4714508056641","",
"Libya","LBY","Youth literacy rate, population 15-24 years, both sexes (%)","SE.ADT.1524.LT.ZS","","","","","","","","","","","","","","","","","","","","","","","","","89.3378982543945","","","","","","","","","","97.8856506347656","","","","","","","","","","99.6493911743164","","","","","","","","","","99.93994140625","99.9502792358398","",
"St. Lucia","LCA","Youth literacy rate, population 15-24 years, both sexes (%)","SE.ADT.1524.LT.ZS","","","","","","","","","","","","","","","","","","","","","","","","","","","","","","","","","","","","","","","","","","","","","","","","","","","","","","","","","",
"Latin America & Caribbean","LCN","Youth literacy rate, population 15-24 years, both sexes (%)","SE.ADT.1524.LT.ZS","","","","","","","","","","","","","","","","","","","","","","","","","","","","","","","93.9113235473633","","","","","","","","","","96.3077239990234","","","","","","","","","","97.9186325073242","","","","","","",
"Least developed countries: UN classification","LDC","Youth literacy rate, population 15-24 years, both sexes (%)","SE.ADT.1524.LT.ZS","","","","","","","","","","","","","","","","","","","","","","","","","","","","","","","56.1893463134766","","","","","","","","","","64.9886016845703","","","","","","","","","","73.2753601074219","","","","","","",
"Low income","LIC","Youth literacy rate, population 15-24 years, both sexes (%)","SE.ADT.1524.LT.ZS","","","","","","","","","","","","","","","","","","","","","","","","","","","","","","","55.6332740783691","","","","","","","","","","61.8837890625","","","","","","","","","","67.4217987060547","","","","","","",
"Liechtenstein","LIE","Youth literacy rate, population 15-24 years, both sexes (%)","SE.ADT.1524.LT.ZS","","","","","","","","","","","","","","","","","","","","","","","","","","","","","","","","","","","","","","","","","","","","","","","","","","","","","","","","","",
"Sri Lanka","LKA","Youth literacy rate, population 15-24 years, both sexes (%)","SE.ADT.1524.LT.ZS","","","","","","","","","","","","","","","","","","","","","","91.043342590332","","","","","","","","","","","","","","","","","","","","95.5886306762695","","","","","97.4840621948242","","97.9817962646484","","98.1579284667969","","","","","98.7693710327148","",
"Lower middle income","LMC","Youth literacy rate, population 15-24 years, both sexes (%)","SE.ADT.1524.LT.ZS","","","","","","","","","","","","","","","","","","","","","","","","","","","","","","","70.4948348999023","","","","","","","","","","79.2540283203125","","","","","","","","","","86.3651733398438","","","","","","",
"Low & middle income","LMY","Youth literacy rate, population 15-24 years, both sexes (%)","SE.ADT.1524.LT.ZS","","","","","","","","","","","","","","","","","","","","","","","","","","","","","","","80.6662979125977","","","","","","","","","","85.416374206543","","","","","","","","","","89.4362869262695","","","","","","",
"Lesotho","LSO","Youth literacy rate, population 15-24 years, both sexes (%)","SE.ADT.1524.LT.ZS","","","","","","","","","","","","","","","","","","","","","","","","","","","","","","","","","","","","","","","","","90.9269027709961","","","","","","","","","83.1944122314453","","","","","","85.0898208618164","",
"Late-demographic dividend","LTE","Youth literacy rate, population 15-24 years, both sexes (%)","SE.ADT.1524.LT.ZS","","","","","","","","","","","","","","","","","","","","","","","","","","","","","","","93.5792999267578","","","","","","","","","","97.8738250732422","","","","","","","","","","99.0134048461914","","","","","","",
"Lithuania","LTU","Youth literacy rate, population 15-24 years, both sexes (%)","SE.ADT.1524.LT.ZS","","","","","","","","","","","","","","","","","","","","","","","","","","","","","","99.6737594604492","","","","","","","","","","","","99.7016677856445","","","","","","","","","","99.8557968139648","","","","99.9091720581055","",
"Luxembourg","LUX","Youth literacy rate, population 15-24 years, both sexes (%)","SE.ADT.1524.LT.ZS","","","","","","","","","","","","","","","","","","","","","","","","","","","","","","","","","","","","","","","","","","","","","","","","","","","","","","","","","",
"Latvia","LVA","Youth literacy rate, population 15-24 years, both sexes (%)","SE.ADT.1524.LT.ZS","","","","","","","","","","","","","","","","","","","","","","","","","","","","","","99.7844085693359","","","","","","","","","","","99.7502593994141","","","","","","","","","","","99.8354263305664","","","","99.8282928466797","",
"Macao SAR, China","MAC","Youth literacy rate, population 15-24 years, both sexes (%)","SE.ADT.1524.LT.ZS","","","","","","","","","","","","","","","","","","","","","","94.7031173706055","","","","","","","","","","","","","","","","","","","","99.6335372924805","","","","","99.6442413330078","","","","","99.6728973388672","","","","99.6559524536133","",
"St. Martin (French part)","MAF","Youth literacy rate, population 15-24 years, both sexes (%)","SE.ADT.1524.LT.ZS","","","","","","","","","","","","","","","","","","","","","","","","","","","","","","","","","","","","","","","","","","","","","","","","","","","","","","","","","",
"Morocco","MAR","Youth literacy rate, population 15-24 years, both sexes (%)","SE.ADT.1524.LT.ZS","","","","","","","","","","","","","","","","","","","","","","","44.137939453125","","","","","","","","","","","","58.4348907470703","","","","","","","","","","70.4575881958008","","","","77.8629608154297","79.4736862182617","","81.5100708007813","","","","95.0664215087891","",
"Monaco","MCO","Youth literacy rate, population 15-24 years, both sexes (%)","SE.ADT.1524.LT.ZS","","","","","","","","","","","","","","","","","","","","","","","","","","","","","","","","","","","","","","","","","","","","","","","","","","","","","","","","","",
"Moldova","MDA","Youth literacy rate, population 15-24 years, both sexes (%)","SE.ADT.1524.LT.ZS","","","","","","","","","","","","","","","","","","","","","","","","","","","","","","99.7293472290039","","","","","","","","","","","99.5250778198242","","","","","","","","","","","","","","100","99.3037872314453","",
"Madagascar","MDG","Youth literacy rate, population 15-24 years, both sexes (%)","SE.ADT.1524.LT.ZS","","","","","","","","","","","","","","","","","","","","","","","","","","","","","","","","","","","","","","","","","70.2362213134766","","","","","","","","","64.9402465820313","","","","","","65.0692672729492","",
"Maldives","MDV","Youth literacy rate, population 15-24 years, both sexes (%)","SE.ADT.1524.LT.ZS","","","","","","","","","","","","","","","","","","85.6089782714844","","","","","","","","95.5361862182617","","","","","98.1996231079102","","","","","98.1701202392578","","","","","98.1701202392578","","","","","","99.3010101318359","","","","","","","","","99.7610321044922","",
"Middle East & North Africa","MEA","Youth literacy rate, population 15-24 years, both sexes (%)","SE.ADT.1524.LT.ZS","","","","","","","","","","","","","","","","","","","","","","","","","","","","","","","77.6657562255859","","","","","","","","","","87.1416397094727","","","","","","","","","","92.6783752441406","","","","","","",
"Mexico","MEX","Youth literacy rate, population 15-24 years, both sexes (%)","SE.ADT.1524.LT.ZS","","","","","","","","","","","","","","","","","","","","","91.9471969604492","","","","","","","","","","95.4182434082031","","","","","","","","","","96.6122817993164","","97.6045837402344","","97.5644378662109","97.6358413696289","97.8956604003906","98.1560897827148","98.3823013305664","98.524658203125","98.4345169067383","98.4617691040039","98.8754196166992","98.5644989013672","99.0000381469727","98.7379608154297","",
"Marshall Islands","MHL","Youth literacy rate, population 15-24 years, both sexes (%)","SE.ADT.1524.LT.ZS","","","","","","","","","","","","","","","","","","","","","","","","","","","","","","","","","","","","","","","","","","","","","","","","","","","","98.4587783813477","","","","98.4587783813477","",
"Middle income","MIC","Youth literacy rate, population 15-24 years, both sexes (%)","SE.ADT.1524.LT.ZS","","","","","","","","","","","","","","","","","","","","","","","","","","","","","","","82.7102584838867","","","","","","","","","","87.7949447631836","","","","","","","","","","91.9596481323242","","","","","","",
"Macedonia, FYR","MKD","Youth literacy rate, population 15-24 years, both sexes (%)","SE.ADT.1524.LT.ZS","","","","","","","","","","","","","","","","","","","","","","","","","","","","","","","","","","","98.8611679077148","","","","","","","","98.7426986694336","","","","","","","","","","","","98.625358581543","98.6145706176758","",
"Mali","MLI","Youth literacy rate, population 15-24 years, both sexes (%)","SE.ADT.1524.LT.ZS","","","","","","","","","","","","","","","","","19.6462306976318","","","","","","","","","","","","","","","","","","","","","","24.1866703033447","","","","","30.5890293121338","","","38.8161201477051","","","","44.3017082214355","47.1369781494141","","","","49.3665084838867","",
"Malta","MLT","Youth literacy rate, population 15-24 years, both sexes (%)","SE.ADT.1524.LT.ZS","","","","","","","","","","","","","","","","","","","","","","","","","","","","","","","","","","","","96.0322723388672","","","","","","","","","","98.2650299072266","","","","","","98.8819427490234","","","","99.1860275268555","",
"Myanmar","MMR","Youth literacy rate, population 15-24 years, both sexes (%)","SE.ADT.1524.LT.ZS","","","","","","","","","","","","","","","","","","","","","","","","84.8970718383789","","","","","","","","","","","","","","","","","94.586311340332","","","","","","","","","","","","","","96.2385177612305","96.3324127197266","",
"Middle East & North Africa (excluding high income)","MNA","Youth literacy rate, population 15-24 years, both sexes (%)","SE.ADT.1524.LT.ZS","","","","","","","","","","","","","","","","","","","","","","","","","","","","","","","76.2779541015625","","","","","","","","","","86.0781631469727","","","","","","","","","","91.8626022338867","","","","","","",
"Montenegro","MNE","Youth literacy rate, population 15-24 years, both sexes (%)","SE.ADT.1524.LT.ZS","","","","","","","","","","","","","","","","","","","","","","98.7301406860352","","","","","","","","","","99.1448745727539","","","","","","","","","","","","99.410270690918","","","","","","","","99.2118225097656","","","","99.1506881713867","",
"Mongolia","MNG","Youth literacy rate, population 15-24 years, both sexes (%)","SE.ADT.1524.LT.ZS","","","","","","","","","","","","","","","","","","","","","","","","","","","","","","","","","","","","","","","","","97.7101211547852","","","","","","","","","","98.4602508544922","","","","","98.5097732543945","",
"Northern Mariana Islands","MNP","Youth literacy rate, population 15-24 years, both sexes (%)","SE.ADT.1524.LT.ZS","","","","","","","","","","","","","","","","","","","","","","","","","","","","","","","","","","","","","","","","","","","","","","","","","","","","","","","","","",
"Mozambique","MOZ","Youth literacy rate, population 15-24 years, both sexes (%)","SE.ADT.1524.LT.ZS","","","","","","","","","","","","","","","","","","","","","43.644359588623","","","","","","","","","","","","","","","","","46.9700012207031","","","","","","61.8928909301758","","","","","","67.1496429443359","","","","","","76.7527618408203","",
"Mauritania","MRT","Youth literacy rate, population 15-24 years, both sexes (%)","SE.ADT.1524.LT.ZS","","","","","","","","","","","","","","","","","","","","","","","","","","","","","","","","","","","","","","","","","61.3366508483887","","","","","","","56.122428894043","","","","","","","","62.6384506225586","",
"Mauritius","MUS","Youth literacy rate, population 15-24 years, both sexes (%)","SE.ADT.1524.LT.ZS","","","","","","","","","","","","","","","","","","","","","","","","","","","","","","","91.1919937133789","","","","","","","","","","94.5389633178711","","","","","","","","","","","98.1303482055664","","","","98.7202377319336","",
"Malawi","MWI","Youth literacy rate, population 15-24 years, both sexes (%)","SE.ADT.1524.LT.ZS","","","","","","","","","","","","","","","","","","","","","","","","","","","","59.0176887512207","","","","","","","","","","","76.0074996948242","","","","","","","","","","","","72.1395568847656","","","","","75.0779724121094","",
"Malaysia","MYS","Youth literacy rate, population 15-24 years, both sexes (%)","SE.ADT.1524.LT.ZS","","","","","","","","","","","","","","","","","","","","","87.9686431884766","","","","","","","","","","","95.5638809204102","","","","","","","","","97.2378005981445","","","","","","","","","","98.4187088012695","","","","","98.4177093505859","",
"North America","NAC","Youth literacy rate, population 15-24 years, both sexes (%)","SE.ADT.1524.LT.ZS","","","","","","","","","","","","","","","","","","","","","","","","","","","","","","","","","","","","","","","","","","","","","","","","","","","","","","","","","",
"Namibia","NAM","Youth literacy rate, population 15-24 years, both sexes (%)","SE.ADT.1524.LT.ZS","","","","","","","","","","","","","","","","","","","","","","","","","","","","","","","","88.1124267578125","","","","","","","","","","92.3367080688477","","","","","","87.0954132080078","","","","94.4194412231445","","","","94.8822937011719","",
"New Caledonia","NCL","Youth literacy rate, population 15-24 years, both sexes (%)","SE.ADT.1524.LT.ZS","","","","","","","","","","","","","","","","","97.4641571044922","","","","","","","","","","","","","98.7569808959961","","","","","","","","","","","","","","","","","","","","","","","","","99.6741485595703","99.6900329589844","",
"Niger","NER","Youth literacy rate, population 15-24 years, both sexes (%)","SE.ADT.1524.LT.ZS","","","","","","","","","","","","","","","","","","","","","","","","","","","","","","","","","","","","","","","","","","19.7911891937256","","","","36.5467796325684","","","","","","","23.5237808227539","","","26.5585899353027","",
"Nigeria","NGA","Youth literacy rate, population 15-24 years, both sexes (%)","SE.ADT.1524.LT.ZS","","","","","","","","","","","","","","","","","","","","","","","","","","","","","","","","71.1890563964844","","","","","","","","","","","","68.993782043457","","","","","66.3835372924805","","","","","","","72.7903518676758","",
"Nicaragua","NIC","Youth literacy rate, population 15-24 years, both sexes (%)","SE.ADT.1524.LT.ZS","","","","","","","","","","","","","","","","","","","","","","","","","","","","","","","","","","","","","","","","","","86.2225189208984","","","","87.0092468261719","","","","","","","","","","91.5747985839844","",
"Netherlands","NLD","Youth literacy rate, population 15-24 years, both sexes (%)","SE.ADT.1524.LT.ZS","","","","","","","","","","","","","","","","","","","","","","","","","","","","","","","","","","","","","","","","","","","","","","","","","","","","","","","","","",
"Norway","NOR","Youth literacy rate, population 15-24 years, both sexes (%)","SE.ADT.1524.LT.ZS","","","","","","","","","","","","","","","","","","","","","","","","","","","","","","","","","","","","","","","","","","","","","","","","","","","","","","","","","",
"Nepal","NPL","Youth literacy rate, population 15-24 years, both sexes (%)","SE.ADT.1524.LT.ZS","","","","","","","","","","","","","","","","","","","","","","30.0384502410889","","","","","","","","","","49.6037216186523","","","","","","","","","","70.0536193847656","","","","","","","","","","84.7571487426758","","","","89.9484405517578","",
"Nauru","NRU","Youth literacy rate, population 15-24 years, both sexes (%)","SE.ADT.1524.LT.ZS","","","","","","","","","","","","","","","","","","","","","","","","","","","","","","","","","","","","","","","","","","","","","","","","","","","","","","","","","",
"New Zealand","NZL","Youth literacy rate, population 15-24 years, both sexes (%)","SE.ADT.1524.LT.ZS","","","","","","","","","","","","","","","","","","","","","","","","","","","","","","","","","","","","","","","","","","","","","","","","","","","","","","","","","",
"OECD members","OED","Youth literacy rate, population 15-24 years, both sexes (%)","SE.ADT.1524.LT.ZS","","","","","","","","","","","","","","","","","","","","","","","","","","","","","","","","","","","","","","","","","","","","","","","","","","","","","","","","","",
"Oman","OMN","Youth literacy rate, population 15-24 years, both sexes (%)","SE.ADT.1524.LT.ZS","","","","","","","","","","","","","","","","","","","","","","","","","","","","","","","","","","","","","","","","","","","","97.2813262939453","","","","","97.6298217773438","","97.7437286376953","","","","99.0943222045898","99.1186904907227","",
"Other small states","OSS","Youth literacy rate, population 15-24 years, both sexes (%)","SE.ADT.1524.LT.ZS","","","","","","","","","","","","","","","","","","","","","","","","","","","","","","","82.8235778808594","","","","","","","","","","86.6798858642578","","","","","","","","","","89.3604125976563","","","","","","",
"Pakistan","PAK","Youth literacy rate, population 15-24 years, both sexes (%)","SE.ADT.1524.LT.ZS","","","","","","","","","","","","","","","","","","","","","","34.7833518981934","","","","","","","","","","","","","","","","","55.3305206298828","","","","","","","65.0865783691406","69.1658020019531","","71.112907409668","70.67626953125","71.2596206665039","70.7693328857422","72.5834197998047","71.6362228393555","","73.7147521972656","",
"Panama","PAN","Youth literacy rate, population 15-24 years, both sexes (%)","SE.ADT.1524.LT.ZS","","","","","","","","","","","","","","","","","","","","","96.106201171875","","","","","","","","","","95.0867767333984","","","","","","","","","","96.0798492431641","","","","","","","","","","97.6385269165039","","","","","98.1273193359375","",
"Peru","PER","Youth literacy rate, population 15-24 years, both sexes (%)","SE.ADT.1524.LT.ZS","","","","","","","","","","","","","","","","","","","","","","93.1197967529297","","","","","","","","","","","","95.3666305541992","","","","","","","","","","","96.7556304931641","97.1237564086914","97.7571334838867","97.3562164306641","","","","","98.6981582641602","","98.9775314331055","98.9330978393555","",
"Philippines","PHL","Youth literacy rate, population 15-24 years, both sexes (%)","SE.ADT.1524.LT.ZS","","","","","","","","","","","","","","","","","","","","","91.7889862060547","","","","","","","","","","96.5780792236328","","","","","","","","","","95.0897521972656","","","95.0572128295898","","","","","97.7508010864258","","","","","98.1083526611328","","98.2238311767578","",
"Palau","PLW","Youth literacy rate, population 15-24 years, both sexes (%)","SE.ADT.1524.LT.ZS","","","","","","","","","","","","","","","","","","","","","94.2757797241211","","","","","","","","","","","","","","96.4332962036133","","","","","","","","","","98.9897994995117","","","","","","","","","99.8115005493164","","99.8114700317383","",
"Papua New Guinea","PNG","Youth literacy rate, population 15-24 years, both sexes (%)","SE.ADT.1524.LT.ZS","","","","","","","","","","","","","","","","","","","","","","","","","","","","","","","","","","","","","","","","","66.6789932250977","","","","","","","","","","","","","","66.6789932250977","66.6789932250977","",
"Poland","POL","Youth literacy rate, population 15-24 years, both sexes (%)","SE.ADT.1524.LT.ZS","","","","","","","","","","","","","","","","","","","99.7968292236328","","","","","","","","","","","","","","","","99.9991836547852","","","","","","","","","","99.9998626708984","","","","","","","","","","99.9999694824219","99.9999771118164","",
"Pre-demographic dividend","PRE","Youth literacy rate, population 15-24 years, both sexes (%)","SE.ADT.1524.LT.ZS","","","","","","","","","","","","","","","","","","","","","","","","","","","","","","","64.6806640625","","","","","","","","","","66.6716766357422","","","","","","","","","","69.3939208984375","","","","","","",
"Puerto Rico","PRI","Youth literacy rate, population 15-24 years, both sexes (%)","SE.ADT.1524.LT.ZS","","","","","","","","","","","","","","","","","","","","","93.7458572387695","","","","","","","","","","93.166877746582","","","","","","","","","","","","","","88.6965713500977","","","","","","98.8341827392578","","","","","99.0617065429688","",
"Korea, Dem. People’s Rep.","PRK","Youth literacy rate, population 15-24 years, both sexes (%)","SE.ADT.1524.LT.ZS","","","","","","","","","","","","","","","","","","","","","","","","","","","","","","","","","","","","","","","","","","","","","","","","","99.9996871948242","","","","","","","99.9998321533203","",
"Portugal","PRT","Youth literacy rate, population 15-24 years, both sexes (%)","SE.ADT.1524.LT.ZS","","","","","","","","","","","","","","","","","","","","","","97.9413528442383","","","","","","","","","","99.1994934082031","","","","","","","","","","","","","","","","","","","","99.4351196289063","","","","99.5905838012695","",
"Paraguay","PRY","Youth literacy rate, population 15-24 years, both sexes (%)","SE.ADT.1524.LT.ZS","","","","","","","","","","","","","","","","","","","","","","","89.5878601074219","","","","","","","","","","95.6073379516602","","","","","","","","","","","","","","","98.7944564819336","97.964241027832","98.4972915649414","98.6104507446289","","","","98.6862106323242","99.0308303833008","",
"Pacific island small states","PSS","Youth literacy rate, population 15-24 years, both sexes (%)","SE.ADT.1524.LT.ZS","","","","","","","","","","","","","","","","","","","","","","","","","","","","","","","","","","","","","","","","","92.7052154541016","","","","","","","","","","","","","","","","",
"Post-demographic dividend","PST","Youth literacy rate, population 15-24 years, both sexes (%)","SE.ADT.1524.LT.ZS","","","","","","","","","","","","","","","","","","","","","","","","","","","","","","","","","","","","","","","","","","","","","","","","","","","","","","","","","",
"French Polynesia","PYF","Youth literacy rate, population 15-24 years, both sexes (%)","SE.ADT.1524.LT.ZS","","","","","","","","","","","","","","","","","","","","","","","","","","","","","","","","","","","","","","","","","","","","","","","","","","","","","","","","","",
"Qatar","QAT","Youth literacy rate, population 15-24 years, both sexes (%)","SE.ADT.1524.LT.ZS","","","","","","","","","","","","","","","","","","","","","","","","","","","89.5429306030273","","","","","","","","","","","94.7907485961914","","","","","","","95.9207077026367","","","99.0600967407227","95.6869888305664","97.7592468261719","96.8201599121094","97.8775100708008","99.064567565918","98.9603271484375","98.7127227783203","98.607307434082","",
"Romania","ROU","Youth literacy rate, population 15-24 years, both sexes (%)","SE.ADT.1524.LT.ZS","","","","","","","","","","","","","","","","","","","","","","","","","","","","","","","","","99.1074600219727","","","","","","","","","","97.7614898681641","","","","","","","","","98.9956893920898","","","","99.3036117553711","",
"Russian Federation","RUS","Youth literacy rate, population 15-24 years, both sexes (%)","SE.ADT.1524.LT.ZS","","","","","","","","","","","","","","","","","","","","","","","","","","","","","","99.719596862793","","","","","","","","","","","","","99.7246017456055","","","","","","","","99.709602355957","","","","","99.7035293579102","",
"Rwanda","RWA","Youth literacy rate, population 15-24 years, both sexes (%)","SE.ADT.1524.LT.ZS","","","","","","","","","","","","","","","","","","","52.2619285583496","","","","","","","","","","","","","74.8965377807617","","","","","","","","","77.6203308105469","","","","","","","","","","77.3446273803711","","82.3307495117188","","","85.0312194824219","",
"South Asia","SAS","Youth literacy rate, population 15-24 years, both sexes (%)","SE.ADT.1524.LT.ZS","","","","","","","","","","","","","","","","","","","","","","","","","","","","","","","59.112476348877","","","","","","","","","","72.738410949707","","","","","","","","","","83.4752731323242","","","","","","",
"Saudi Arabia","SAU","Youth literacy rate, population 15-24 years, both sexes (%)","SE.ADT.1524.LT.ZS","","","","","","","","","","","","","","","","","","","","","","","","","","","","","","","","","87.8556137084961","","","","","","","","95.9131622314453","","","","95.8496932983398","","","","","","98","98.2","99.3","99.2217712402344","","99.3510513305664","",
"Sudan","SDN","Youth literacy rate, population 15-24 years, both sexes (%)","SE.ADT.1524.LT.ZS","","","","","","","","","","","","","","","","","","","","","","","","","","","","","","","","","","","","","","","","","78.1555862426758","","","","","","","","","","","","","","","70.8696594238281","",
"Senegal","SEN","Youth literacy rate, population 15-24 years, both sexes (%)","SE.ADT.1524.LT.ZS","","","","","","","","","","","","","","","","","","","","","","","","","","","","","37.8661003112793","","","","","","","","","","","","","","49.1244888305664","","","","50.8516616821289","","","65.0149078369141","","66.0327377319336","","55.895938873291","","69.7613296508789","",
"Singapore","SGP","Youth literacy rate, population 15-24 years, both sexes (%)","SE.ADT.1524.LT.ZS","","","","","","","","","","","","","","","","","","","","","96.2881164550781","","","","","","","","","","98.9666976928711","","","","","","","","","","99.5046005249023","","","","","","","","","","99.751823425293","99.8238372802734","99.8458633422852","99.884147644043","99.9004669189453","99.9145889282227","",
"Solomon Islands","SLB","Youth literacy rate, population 15-24 years, both sexes (%)","SE.ADT.1524.LT.ZS","","","","","","","","","","","","","","","","","","","","","","","","","","","","","","","","","","","","","","","","85","","","","","","","","","","","","","","","","","",
"Sierra Leone","SLE","Youth literacy rate, population 15-24 years, both sexes (%)","SE.ADT.1524.LT.ZS","","","","","","","","","","","","","","","","","","","","","","","","","","","","","","","","","","","","","","","","","","","","","47.9276084899902","","","","","","","","","","65.720573425293","67.3747024536133","",
"El Salvador","SLV","Youth literacy rate, population 15-24 years, both sexes (%)","SE.ADT.1524.LT.ZS","","","","","","","","","","","","","","","","","","","","","","","","","","","","","","","","","84.9466400146484","","","","","","","","","","","","92.1986694335938","","94.9509887695313","93.56494140625","95.9574737548828","95.0220565795898","96.0344619750977","96.5450897216797","","97.2241897583008","","97.6975021362305","",
"San Marino","SMR","Youth literacy rate, population 15-24 years, both sexes (%)","SE.ADT.1524.LT.ZS","","","","","","","","","","","","","","","","","","","","","","","","","","","","","","","","","","","","","","","","","","","","","","","","","","","","","","","","","",
"Somalia","SOM","Youth literacy rate, population 15-24 years, both sexes (%)","SE.ADT.1524.LT.ZS","","","","","","","","","","","","","","","","","","","","","","","","","","","","","","","","","","","","","","","","","","","","","","","","","","","","","","","","","",
"Serbia","SRB","Youth literacy rate, population 15-24 years, both sexes (%)","SE.ADT.1524.LT.ZS","","","","","","","","","","","","","","","","","","","","","","","","","","","","","","","","","","","","","","","","","","","","99.3567962646484","","","","","","","","99.3086929321289","","","","98.4989624023438","",
"Sub-Saharan Africa (excluding high income)","SSA","Youth literacy rate, population 15-24 years, both sexes (%)","SE.ADT.1524.LT.ZS","","","","","","","","","","","","","","","","","","","","","","","","","","","","","","","","","","","","","","","","","68.1346817016602","","","","","","","","","","71.4113616943359","","","","","","",
"South Sudan","SSD","Youth literacy rate, population 15-24 years, both sexes (%)","SE.ADT.1524.LT.ZS","","","","","","","","","","","","","","","","","","","","","","","","","","","","","","","","","","","","","","","","","","","","","","","","","36.7022743225098","","","","","","","44.3548202514648","",
"Sub-Saharan Africa","SSF","Youth literacy rate, population 15-24 years, both sexes (%)","SE.ADT.1524.LT.ZS","","","","","","","","","","","","","","","","","","","","","","","","","","","","","","","","","","","","","","","","","68.1382293701172","","","","","","","","","","71.4138031005859","","","","","","",
"Small states","SST","Youth literacy rate, population 15-24 years, both sexes (%)","SE.ADT.1524.LT.ZS","","","","","","","","","","","","","","","","","","","","","","","","","","","","","","","85.7715682983398","","","","","","","","","","88.6647338867188","","","","","","","","","","90.8055419921875","","","","","","",
"Sao Tome and Principe","STP","Youth literacy rate, population 15-24 years, both sexes (%)","SE.ADT.1524.LT.ZS","","","","","","","","","","","","","","","","","","","","","","82.3992233276367","","","","","","","","","","93.8499603271484","","","","","","","","","","95.4154586791992","","","","","","","80.2031631469727","","","","96.7384033203125","","","97.3226470947266","",
"Suriname","SUR","Youth literacy rate, population 15-24 years, both sexes (%)","SE.ADT.1524.LT.ZS","","","","","","","","","","","","","","","","","","","","","","","","","","","","","","","","","","","","","","","","","","","","","94.8811416625977","","","","99.4164199829102","","98.3766403198242","","","","","99.02734375","",
"Slovak Republic","SVK","Youth literacy rate, population 15-24 years, both sexes (%)","SE.ADT.1524.LT.ZS","","","","","","","","","","","","","","","","","","","","","","","","","","","","","","","","","","","","","","","","","","","","","","","","","","","","","","","","","",
"Slovenia","SVN","Youth literacy rate, population 15-24 years, both sexes (%)","SE.ADT.1524.LT.ZS","","","","","","","","","","","","","","","","","","","","","","","","","","","","","","","","99.7577362060547","","","","","","","","","","","","","99.8267593383789","","","","","","","","","","99.8594207763672","99.8623886108398","",
"Sweden","SWE","Youth literacy rate, population 15-24 years, both sexes (%)","SE.ADT.1524.LT.ZS","","","","","","","","","","","","","","","","","","","","","","","","","","","","","","","","","","","","","","","","","","","","","","","","","","","","","","","","","",
"Swaziland","SWZ","Youth literacy rate, population 15-24 years, both sexes (%)","SE.ADT.1524.LT.ZS","","","","","","","","","","","","","","","","","75.4524383544922","","","","","","","","","","83.7482376098633","","","","","","","","","","","","","","91.8632431030273","","","","","","","","","","93.5022964477539","","","","","94.7703094482422","",
"Sint Maarten (Dutch part)","SXM","Youth literacy rate, population 15-24 years, both sexes (%)","SE.ADT.1524.LT.ZS","","","","","","","","","","","","","","","","","","","","","","","","","","","","","","","","","","","","","","","","","","","","","","","","","","","","","","","","","",
"Seychelles","SYC","Youth literacy rate, population 15-24 years, both sexes (%)","SE.ADT.1524.LT.ZS","","","","","","","","","","","","","","","","","","","","","","","","","","","","97.6499862670898","","","","","","","98.8133087158203","","","","","","","","99.0647735595703","","","","","","","","98.9713363647461","","","","","99.0502319335938","",
"Syrian Arab Republic","SYR","Youth literacy rate, population 15-24 years, both sexes (%)","SE.ADT.1524.LT.ZS","","","","","","","","","","","","","","","","","","","","","","74.2763977050781","","","","","","","","","","","","","","","","","","","","","95.1888275146484","","92.4538116455078","","","","","","","","","","96.1495819091797","96.4207992553711","",
"Turks and Caicos Islands","TCA","Youth literacy rate, population 15-24 years, both sexes (%)","SE.ADT.1524.LT.ZS","","","","","","","","","","","","","","","","","","","","","","","","","","","","","","","","","","","","","","","","","","","","","","","","","","","","","","","","","",
"Chad","TCD","Youth literacy rate, population 15-24 years, both sexes (%)","SE.ADT.1524.LT.ZS","","","","","","","","","","","","","","","","","","","","","","","","","","","","","","","","","","17.3473796844482","","","","","","","37.5573501586914","","","","41.6731185913086","","","","","","","","","","51.7384300231934","52.7481803894043","",
"East Asia & Pacific (IDA & IBRD countries)","TEA","Youth literacy rate, population 15-24 years, both sexes (%)","SE.ADT.1524.LT.ZS","","","","","","","","","","","","","","","","","","","","","","","","","","","","","","","93.4901733398438","","","","","","","","","","97.8611297607422","","","","","","","","","","98.9576187133789","","","","","","",
"Europe & Central Asia (IDA & IBRD countries)","TEC","Youth literacy rate, population 15-24 years, both sexes (%)","SE.ADT.1524.LT.ZS","","","","","","","","","","","","","","","","","","","","","","","","","","","","","","","98.5675964355469","","","","","","","","","","98.9387664794922","","","","","","","","","","99.6524124145508","","","","","","",
"Togo","TGO","Youth literacy rate, population 15-24 years, both sexes (%)","SE.ADT.1524.LT.ZS","","","","","","","","","","","","","","","","","","","","","","","","","","","","","","","","","","","","","","","","","74.439567565918","","","","","","76.4529418945313","","","81.7359924316406","","79.8859100341797","","","","85.1556396484375","",
"Thailand","THA","Youth literacy rate, population 15-24 years, both sexes (%)","SE.ADT.1524.LT.ZS","","","","","","","","","","","","","","","","","","","","","96.8673477172852","","","","","","","","","","","","","","","","","","","","97.9753875732422","","","","","98.050910949707","","","","","96.5975723266602","","","98.3138809204102","","98.6408462524414","",
"Tajikistan","TJK","Youth literacy rate, population 15-24 years, both sexes (%)","SE.ADT.1524.LT.ZS","","","","","","","","","","","","","","","","","","","","","","","","","","","","","","99.7035827636719","","","","","","","","","","","99.8470611572266","","","","","","","","","","","","","","99.8734588623047","99.8751068115234","",
"Turkmenistan","TKM","Youth literacy rate, population 15-24 years, both sexes (%)","SE.ADT.1524.LT.ZS","","","","","","","","","","","","","","","","","","","","","","","","","","","","","","","","","","","","99.810417175293","","","","","","","","","","","","","","","","","","","99.8350830078125","99.8363037109375","",
"Latin America & the Caribbean (IDA & IBRD countries)","TLA","Youth literacy rate, population 15-24 years, both sexes (%)","SE.ADT.1524.LT.ZS","","","","","","","","","","","","","","","","","","","","","","","","","","","","","","","93.7790069580078","","","","","","","","","","96.297004699707","","","","","","","","","","97.8853378295898","","","","","","",
"Middle East & North Africa (IDA & IBRD countries)","TMN","Youth literacy rate, population 15-24 years, both sexes (%)","SE.ADT.1524.LT.ZS","","","","","","","","","","","","","","","","","","","","","","","","","","","","","","","76.0536727905273","","","","","","","","","","85.9305419921875","","","","","","","","","","91.7490921020508","","","","","","",
"Timor-Leste","TLS","Youth literacy rate, population 15-24 years, both sexes (%)","SE.ADT.1524.LT.ZS","","","","","","","","","","","","","","","","","","","","","","","","","","","","","","","","","","","","","","","","","","","","","","","","","","","79.528678894043","","","","","82.2421035766602","",
"Tonga","TON","Youth literacy rate, population 15-24 years, both sexes (%)","SE.ADT.1524.LT.ZS","","","","","","","","","","","","","","","","","99.8192672729492","","","","","","","","","","","","","","","","","","","","99.3087387084961","","","","","","","","","","99.4247589111328","","","","","99.4370269775391","","","","99.445671081543","",
"South Asia (IDA & IBRD)","TSA","Youth literacy rate, population 15-24 years, both sexes (%)","SE.ADT.1524.LT.ZS","","","","","","","","","","","","","","","","","","","","","","","","","","","","","","","59.112476348877","","","","","","","","","","72.738410949707","","","","","","","","","","83.4752731323242","","","","","","",
"Sub-Saharan Africa (IDA & IBRD countries)","TSS","Youth literacy rate, population 15-24 years, both sexes (%)","SE.ADT.1524.LT.ZS","","","","","","","","","","","","","","","","","","","","","","","","","","","","","","","64.693115234375","","","","","","","","","","68.1382293701172","","","","","","","","","","71.4138031005859","","","","","","",
"Trinidad and Tobago","TTO","Youth literacy rate, population 15-24 years, both sexes (%)","SE.ADT.1524.LT.ZS","","","","","","","","","","","","","","","","","","","","","99.2193984985352","","","","","","","","","","99.3000030517578","","","","","","","","","","","","","","99.4911575317383","","","","","","","","","","99.5997467041016","99.6099624633789","",
"Tunisia","TUN","Youth literacy rate, population 15-24 years, both sexes (%)","SE.ADT.1524.LT.ZS","","","","","","","","","","","","","","","","","","","","","","","","","74.2841186523438","","","","","","","","","","82.8150634765625","","","","","","","","","","94.338981628418","","","96.299690246582","96.7942581176758","","97.1717224121094","97.304443359375","96.8649978637695","","","97.3919906616211","",
"Turkey","TUR","Youth literacy rate, population 15-24 years, both sexes (%)","SE.ADT.1524.LT.ZS","","","","","","","","","","","","","","","","80.0549163818359","","","","","84.6910781860352","","","","","90.9014205932617","","","","","92.5436630249023","","","","","","","","","","","","","","95.6035003662109","96.1185531616211","96.1815032958984","96.3623504638672","","97.8074722290039","98.2245864868164","98.7093505859375","99.0160217285156","99.2274322509766","99.3584823608398","99.481201171875","",
"Tuvalu","TUV","Youth literacy rate, population 15-24 years, both sexes (%)","SE.ADT.1524.LT.ZS","","","","","","","","","","","","","","","","","","","","","","","","","","","","","","","","","","","","","","","","","","","","","","","","","","","","","","","","","",
"Tanzania","TZA","Youth literacy rate, population 15-24 years, both sexes (%)","SE.ADT.1524.LT.ZS","","","","","","","","","","","","","","","","","","","","","","","","","","","","","81.753303527832","","","","","","","","","","","","","","78.3960494995117","","","","","","","","74.5605163574219","","85.9400024414063","","","87.3053436279297","",
"Uganda","UGA","Youth literacy rate, population 15-24 years, both sexes (%)","SE.ADT.1524.LT.ZS","","","","","","","","","","","","","","","","","","","","","","","","","","","","","","","","69.8007888793945","","","","","","","","","","","80.7911605834961","","","","84.0656509399414","","","","87.4088287353516","","83.6588821411133","","","86.9989929199219","",
"Ukraine","UKR","Youth literacy rate, population 15-24 years, both sexes (%)","SE.ADT.1524.LT.ZS","","","","","","","","","","","","","","","","","","","","","","","","","","","","","","","","","","","","","","","","","","99.8048629760742","","","","","","","","","","","","","99.7655792236328","99.762321472168","",
"Upper middle income","UMC","Youth literacy rate, population 15-24 years, both sexes (%)","SE.ADT.1524.LT.ZS","","","","","","","","","","","","","","","","","","","","","","","","","","","","","","","93.5515365600586","","","","","","","","","","97.661247253418","","","","","","","","","","98.6307067871094","","","","","","",
"Uruguay","URY","Youth literacy rate, population 15-24 years, both sexes (%)","SE.ADT.1524.LT.ZS","","","","","","","","","","","","","","","","98.2962265014648","","","","","","","","","","98.6286087036133","","","","","","","","","","","98.5802383422852","","","","","","","","","","98.712516784668","98.7591400146484","98.9681396484375","99.049430847168","98.7841873168945","98.8622207641602","98.9552536010742","98.9297637939453","98.8388900756836","98.8174514770508","",
"United States","USA","Youth literacy rate, population 15-24 years, both sexes (%)","SE.ADT.1524.LT.ZS","","","","","","","","","","","","","","","","","","","","","","","","","","","","","","","","","","","","","","","","","","","","","","","","","","","","","","","","","",
"Uzbekistan","UZB","Youth literacy rate, population 15-24 years, both sexes (%)","SE.ADT.1524.LT.ZS","","","","","","","","","","","","","","","","","","","","","","","","","","","","","","","","","","","","","","","","","99.8743515014648","","","","","","","","","","","","","100","100","100","",
"St. Vincent and the Grenadines","VCT","Youth literacy rate, population 15-24 years, both sexes (%)","SE.ADT.1524.LT.ZS","","","","","","","","","","","97.9629211425781","","","","","","","","","","","","","","","","","","","","","","","","","","","","","","","","","","","","","","","","","","","","","","",
"Venezuela, RB","VEN","Youth literacy rate, population 15-24 years, both sexes (%)","SE.ADT.1524.LT.ZS","","","","","","","","","","","","","","","","","","","","","","93.1117630004883","","","","","","","","","95.4390335083008","","","","","","","","","","","97.1993408203125","","","","","","98.3987808227539","","98.5333023071289","","97.5591583251953","","","","97.7294387817383","",
"British Virgin Islands","VGB","Youth literacy rate, population 15-24 years, both sexes (%)","SE.ADT.1524.LT.ZS","","","","","","","","","","","","","","","","","","","","","","","","","","","","","","","","","","","","","","","","","","","","","","","","","","","","","","","","","",
"Virgin Islands (U.S.)","VIR","Youth literacy rate, population 15-24 years, both sexes (%)","SE.ADT.1524.LT.ZS","","","","","","","","","","","","","","","","","","","","","","","","","","","","","","","","","","","","","","","","","","","","","","","","","","","","","","","","","",
"Vietnam","VNM","Youth literacy rate, population 15-24 years, both sexes (%)","SE.ADT.1524.LT.ZS","","","","","","","","","","","","","","","","","","","","95.0251235961914","","","","","","","","","","93.734260559082","","","","","","","","","","","94.8365097045898","","","","","","","","","97.091667175293","","","","","","98.0616683959961","",
"Vanuatu","VUT","Youth literacy rate, population 15-24 years, both sexes (%)","SE.ADT.1524.LT.ZS","","","","","","","","","","","","","","","","","","","","71.8295974731445","","","","","","","","","","","","","","","86.2520980834961","","","","","","","","","","91.9884185791016","","","","","","","","","","95.4613571166992","95.7193298339844","",
"West Bank and Gaza","PSE","Youth literacy rate, population 15-24 years, both sexes (%)","SE.ADT.1524.LT.ZS","","","","","","","","","","","","","","","","","","","","","","","","","","","","","","","","","","","","","","97.0465393066406","","","","","","","98.9872283935547","","99.0913772583008","99.0620574951172","99.1502227783203","99.2332611083984","99.2420425415039","99.3123168945313","99.2873306274414","99.3484268188477","99.3635101318359","99.3742980957031","",
"World","WLD","Youth literacy rate, population 15-24 years, both sexes (%)","SE.ADT.1524.LT.ZS","","","","","","","","","","","","","","","","","","","","","","","","","","","","","","","83.3354797363281","","","","","","","","","","87.2663116455078","","","","","","","","","","90.6183547973633","","","","","","",
"Samoa","WSM","Youth literacy rate, population 15-24 years, both sexes (%)","SE.ADT.1524.LT.ZS","","","","","","","","","","","","","","","","","","","","","","","","","","","","","","","","99.0444412231445","","","","","","","","","","","","","99.3838119506836","","","","","","","99.2356567382813","","","","99.1602478027344","",
"Yemen, Rep.","YEM","Youth literacy rate, population 15-24 years, both sexes (%)","SE.ADT.1524.LT.ZS","","","","","","","","","","","","","","","","","","","","","","","","","","","","","","","","","","","60.2221412658691","","","","","","","","","","76.8994369506836","","","","","","","","","","89.3522262573242","90.2369232177734","",
"South Africa","ZAF","Youth literacy rate, population 15-24 years, both sexes (%)","SE.ADT.1524.LT.ZS","","","","","","","","","","","","","","","","","","","","","85.1658477783203","","","","","","","","","","","","","","","","93.9051513671875","","","","","","","","","","","97.5707778930664","","98.3650894165039","98.6441268920898","98.7896575927734","98.8820419311523","","98.8822784423828","99.0270004272461","",
"Congo, Dem. Rep.","COD","Youth literacy rate, population 15-24 years, both sexes (%)","SE.ADT.1524.LT.ZS","","","","","","","","","","","","","","","","","","","","","","","","","","","","","","","","","","","","","","","","","","70.416259765625","","","","","","65.7765274047852","","","","","83.5975494384766","","","86.0684432983398","",
"Zambia","ZMB","Youth literacy rate, population 15-24 years, both sexes (%)","SE.ADT.1524.LT.ZS","","","","","","","","","","","","","","","","","","","","","","","","","","","","","","","66.3811569213867","","","","","","","","","69.4572219848633","","","69.0888137817383","","","","","64.0496368408203","","","88.7145614624023","","","","","91.5209884643555","",
"Zimbabwe","ZWE","Youth literacy rate, population 15-24 years, both sexes (%)","SE.ADT.1524.LT.ZS","","","","","","","","","","","","","","","","","","","","","","","89.0218505859375","","","","","","","","","","95.4113616943359","","","","","","","","","","","","","","","","","","","90.9307022094727","","","","91.7500534057617","",
